onset	duration	trial_type
33.6062	23.9979	stim 24s
99.9509	12.014600000000002	stim 12s
145.2624	23.997799999999984	stim 24s
211.6395	1.0	stim 1s
235.054	11.998899999999992	stim 12s
278.7832	1.9998999999999683	stim 2s
302.9819	2.0156000000000063	stim 2s
329.5451	2.0	stim 2s
357.6592	11.998899999999992	stim 12s
400.6051	3.9997000000000185	stim 4s
433.4023	3.9995999999999867	stim 4s
462.2672	24.01369999999997	stim 24s
529.4436	3.9997000000000753	stim 4s
561.4574	1.999900000000025	stim 2s
587.206	4.0154999999999745	stim 4s
616.8858	0.9999000000000251	stim 1s
640.3012	1.015700000000038	stim 1s
664.5314	11.999000000000024	stim 12s
709.8106	1.0	stim 1s
731.6754	23.997799999999984	stim 24s
